flip,社区系统,/c/shequ/,TRUE,SNS,近乎（Spacebuilder）,近乎（Spacebuilder）是最专业、成熟的SNS社区系统之一，可以帮助客户快速搭建以用户为中心、用户乐于贡献内容、互动无处不在、易于运营的社区网站。,http://down.admin5.com/net/101925.html
flip,社区系统,/c/shequ/,TRUE,SNS,OpenSNS,OpenSNS是一款综合性社交软件，包含了大量的功能模块，提供云市场进行功能扩展，还支持苹果和安卓手机通过APP的形式使用。,http://down.admin5.com/php/120879.html
flip,社区系统,/c/shequ/,TRUE,SNS,ThinkSNS,ThinkSNS能实现一站式解决社区建站，提供丰富的社交所需功能，扩展应用随心配，帮助企业和个人快速稳定的搭建社交产品。,http://down.admin5.com/php/17692.html
flip,社区系统,/c/shequ/,TRUE,SNS,JEESNS,JEESNS是一款企业级平台研发的社交管理系统，开创国内JAVA版开源SNS先河，系统性能稳定，安全系数高，专业界面设计和搜索引擎优化技术，让网站建设更简单。,http://down.admin5.com/jsp/jeesns.html
flip,社区系统,/c/shequ/,TRUE,SNS,iWebSNS,WebSNS是一款大型高并发高负载的开源SNS软件，功能强大，易于扩展，具有良好的伸缩性和稳定性。,http://down.admin5.com/php/28260.html
flip,社区系统,/c/shequ/,TRUE,SNS,OpenPNE,"OpenPNE是一款在pc和手机上都免费使用的开源sns引擎，系统符合用户习惯，使用者将非常容易上手，应用领域非常广泛, 用户可以自由构建各种类型的SNS。",http://down.admin5.com/php/45745.html
flip,社区系统,/c/shequ/,TRUE,SNS,Elgg,Elgg是一款以BLOG为中心的社交网站程序，一经问世，即好评如潮。,http://down.admin5.com/php/1103.html
flip,社区系统,/c/shequ/,TRUE,SNS,Oxwall,Oxwall是一个采用PHP+MySQL开发的，功能齐全的SNS社交网络系统，拥有令人难之心的灵活性和易用性，还提供了一个强大的后台管理系统来控制用户和任意内容。,http://down.admin5.com/php/74933.html
flip,社区系统,/c/shequ/,TRUE,SNS,UCenter home,UCenter home是一套采用PHP+MYSQL构建的社会化网络软件。通过 UCenter Home，建站者可以轻松构建一个以好友关系为核心的交流网络。,http://down.admin5.com/php/3835.html
flip,社区系统,/c/shequ/,TRUE,SNS,BingSNS,BingSNS是一个以社交网络为基础的专业应用平台，注重实时交互，还有6大主题皮肤的设置，金币、经验的独立设置及充值、消耗等机制，是一款内容丰富完善的SNS系统。,http://down.admin5.com/asp/79182.html
flip,社区系统,/c/shequ/,TRUE,SNS,JuSNS,JuSNS聚讯社区管理软件是一个基于.NET+MSSQL开发的一款平台型社交网络软件。JuSNS灵活多变，功能齐全，完全免费且开源，并提供完善的开发者文档。,http://down.admin5.com/net/71996.html
flip,社区系统,/c/shequ/,TRUE,SNS,Thinksaas,ThinkSAAS专注为用户提供更好的社区体验，内容互动性强，交流更方便，简单的系统架构，快速的程序相应效率是其显著的特点。,http://down.admin5.com/php/73694.html
flip,社区系统,/c/shequ/,TRUE,论坛,Discuz!,Discuz! X是一款以社区为基础的专业建站平台，让论坛、社交网络、门户、群组、开放平台应用充分融合于一体，帮助网站实现一站式服务。,http://down.admin5.com/php/82966.html
flip,社区系统,/c/shequ/,TRUE,论坛,PHPWind,PHPWind社区程序是国内最受欢迎的通用型论坛程序之一，采用php+mysql数据库方式运行并可生成html页面的全新且完善的强大系统。,http://down.admin5.com/php/64006.html
flip,社区系统,/c/shequ/,TRUE,论坛,MyBB,MyBB使用了标准的论坛结构和模式，用户可在论坛获得良好的用户体验，而管理后台可以让管理者轻松定制论坛的每一个细节。,http://down.admin5.com/php/2270.html
flip,社区系统,/c/shequ/,TRUE,论坛,jeebbs,jeebbs是一款以社区为基础的论坛系统，功能丰富、操作简单，轻松实现全站用户统一，用户可在站内应用使用时获得一站式的服务用户体验。,http://down.admin5.com/jsp/46083.html
flip,社区系统,/c/shequ/,TRUE,论坛,6KBBS,6KBBS是一个采用 PHP+MySQL 构建的高效能的论坛程序，拥有代码简洁、使用方便、功能强大、速度极快等优点。,http://down.admin5.com/php/64683.html
flip,社区系统,/c/shequ/,TRUE,论坛,动网论坛Dvbbs,动网论坛Dvbbs是昔日ASP盛行时的使用最广泛的论坛社区系统。,http://down.admin5.com/asp/168.html
flip,社区系统,/c/shequ/,TRUE,论坛,StartBBS,"StartBBS是一个基基于MVC架构的轻量社区程序系统，系统轻量小巧, 简单易用，强大高效的开源论坛系统。",http://down.admin5.com/php/100515.html
flip,社区系统,/c/shequ/,TRUE,论坛,Xiuno BBS,Xiuno BBS是一套面向千万级数据量设计的开源论坛软件，采用 MVC+AOP 模式组织代码，旨在解决BBS站点负载过高的问题，是大中型站点比较理想的选择对象。,http://down.admin5.com/php/90527.html
flip,社区系统,/c/shequ/,TRUE,论坛,phpBB,phpBB具有友好的用户界面，使用了当今网络上流行的php语言工作，可以搭配各类数据库使用，适合于大多数的网站用来搭建论坛系统。,http://down.admin5.com/php/1001.html
flip,社区系统,/c/shequ/,TRUE,论坛,phorum开源论坛,Phorum开源论坛是一个基于PHP+MySQL开发的开源论坛项目。它的特点是速度快，功能强大，面向模块化设计，安装简单。,http://down.admin5.com/php/8324.html
flip,社区系统,/c/shequ/,TRUE,论坛,JForum,JForum是采用Java开发的功能强大且稳定的论坛系统，最大的优点是采用 BSD 开源协议，并提供了抽象的接口、高效的论坛引擎以及易于使用的管理界面等多种功能。,http://down.admin5.com/jsp/72355.html
flip,社区系统,/c/shequ/,TRUE,论坛,WiiBBS,WiiBBS是一款手机WAP论坛软件，能够帮助您搭建便于手机访问的手机论坛，WiiBBS基于PHP+Mysql技术开发，易安装、易使用，简约而不简单。,http://down.admin5.com/php/70044.html
flip,社区系统,/c/shequ/,TRUE,论坛,Vanillaforums,Vanillaforums是一个开源，符合标准的，应用了很多Ajax技术，多语言，支持主题和插件拓展的网络论坛。,http://down.admin5.com/php/82381.html
flip,社区系统,/c/shequ/,TRUE,论坛,miniBB,miniBB是一个袖珍型开源PHP论坛软件。麻雀虽小五脏俱全，miniBB可以提供各种论坛所需功能，还能通过插件方式来扩展原有功能。,http://down.admin5.com/php/8661.html
flip,社区系统,/c/shequ/,TRUE,论坛,Nearforums,Nearforums是一个轻量级的论坛软件，采用.NET开发。,http://down.admin5.com/net/73757.html
flip,社区系统,/c/shequ/,TRUE,论坛,bbsmax,"bbsmax是一款基于ASP.NET技术的开源论坛程序，内建支持博客, 相册, 微博等常见SNS功能, 为在Windows服务器上架设社区网站提供完美的解决方案。",http://down.admin5.com/net/8538.html
flip,社区系统,/c/shequ/,TRUE,论坛,JSPRUN论坛源码,JspRun是一套基于JSP/Mysql开发的通用社区论坛软件系统，是一个经过完善设计，适用于各种服务器环境的高效论坛系统解决方案。,http://down.admin5.com/jsp/8333.html
flip,社区系统,/c/shequ/,TRUE,论坛,EasyJForum,"EasyJForum 是一个基于Java 技术的论坛系统,界面与目前流行的Discuz!系统相仿，具备一个完整的论坛系统所需要的常用的功能，尤其适用于中小网站。",http://down.admin5.com/jsp/70221.html
flip,社区系统,/c/shequ/,TRUE,微博,记事狗微博系统,记事狗微博系统是一套业界领先的开源PHP微博程序，支持多种方式发布内容，并可同步到新浪微博，是现在最热门、最火爆的互动系统。记事狗，为轻运营而生！,http://down.admin5.com/php/40712.html
flip,社区系统,/c/shequ/,TRUE,微博,ThinkSNS,ThinkSNS能实现一站式解决社区建站，提供丰富的社交所需功能，扩展应用随心配，帮助企业和个人快速稳定的搭建社交产品。,http://down.admin5.com/php/17692.html
flip,社区系统,/c/shequ/,TRUE,微博,EasyTalk,EasyTalk是一个采用PHP+MySQL构建的开源微博客程序，拥有完善的功能体系，包括强大的插件、完善的API接口、多元化的开放平台等，能让用户随时随地分享点滴。,http://down.admin5.com/php/45801.html
flip,社区系统,/c/shequ/,TRUE,微博,sharetronix,sharetronix是一款免费开源微博客系统，除了具备微博客必备的特性，还支持类似于TwitterFeed的RSS发帖方式，能轻松的发现志趣相投的好友，并且开始关注他们。,http://down.admin5.com/php/53693.html
flip,社区系统,/c/shequ/,TRUE,微博,StatusNet,StatusNet是个相当老牌的开源微博程序，支持微博必备的所有功能，相当多的国外微博网站都是基于它架设的。,http://down.admin5.com/php/72389.html
flip,社区系统,/c/shequ/,TRUE,微博,米号微博,米号微博源码全部开源，模板采用DIV+CSS，版权自由，模板采用中文标签，可随意修改，兼容所有主流浏览器，,http://down.admin5.com/asp/72305.html
flip,社区系统,/c/shequ/,TRUE,问答,Tipask问答系统,"Tipask是一款开放源码的PHP问答系统，基于Laravel + Bootstrap 框架开发，容易扩展，具有强大的负载能力和稳定性, 是目前最值得使用的开源问答社区建站系统之一。",http://down.admin5.com/php/59333.html
flip,社区系统,/c/shequ/,TRUE,问答,phpMyFAQ,phpMyFAQ是一个支持多语言的，用php技术开发的开源FAQ(问答)系统，功能强大，类似百度知道。,http://down.admin5.com/php/phpMyFAQ.html
flip,社区系统,/c/shequ/,TRUE,问答,ask2问答系统,ask2问答系统是以php+MySQL进行开发的php问答系统源码，高仿360、百度、soso问答系统，内置超强问答采集，还有seo相关的优化，无需小白操心。,http://down.admin5.com/php/132164.html
flip,社区系统,/c/shequ/,TRUE,问答,CPF开源SNS问答社区,"cpf是一个以话题为中心社区软件。 您可以为每个话题创建论坛、 问答、 文章三个模块,快速的建立自己的知识社区。",http://down.admin5.com/php/134011.html
flip,社区系统,/c/shequ/,TRUE,问答,WeCenter,WeCenter 是一款建立知识社区的开源程序，安全，可靠，快速更迭，专注于企业和行业知识的整理、归类、检索、分享。,http://down.admin5.com/php/92099.html
flip,社区系统,/c/shequ/,TRUE,问答,Question2Answer,Question2Answer是一个用 PHP 实现的类 StackOverflow 网站的问答系统。,http://down.admin5.com/php/72609.html
flip,社区系统,/c/shequ/,TRUE,问答,oASK,oASK是一款类似百度知道系统的问题解答系统，其最大的特色是结合了仿百度知道程序和仿新浪爱问程序的共同优点，设计更加合理。,http://down.admin5.com/asp/578.html
flip2,博客系统,/c/boke/,TRUE,单用户博客,iMarkChina,iMarkChina是一个免费的开源的个人博客，每一个人都可以使用，用户不需要数据库，所以只要服务器硬盘不出问题，数据就不可能出现掉失。,http://down.admin5.com/php/116464.html
flip2,博客系统,/c/boke/,TRUE,单用户博客,PageAdmin个人博客系统,PageAdmin个人博客系统，适合用于个人网站制作，个人博客的制作，采用响应式设计，在各种平台上访问都有很好的浏览体验，功能强大，扩展灵活。,http://down.admin5.com/net/117664.html
flip2,博客系统,/c/boke/,TRUE,单用户博客,EMLOG,emlog即"every memory log点滴记忆"，是一款基于PHP和MySQL平台的功能强大的个人博客系统，致力于提供快速、稳定，且在使用上又极其简单、舒适的博客服务。,http://down.admin5.com/php/7930.html
flip2,博客系统,/c/boke/,TRUE,单用户博客,海纳个人博客系统,海纳(Hitux)个人博客不需要具备多么专业的网页设计知识，不需要对程序有多熟悉，只需用户安装后进行更新即可轻而易举的实现个人博客的建立。,http://down.admin5.com/asp/73212.html
flip2,博客系统,/c/boke/,TRUE,单用户博客,WordPress,WordPress是一个注重美学、易用性和网络标准的个人信息发布平台，可以搭建功能强大、个性化的网络博客，能让用户省却对后台技术的担心，集中精力做好网站的内容。,http://down.admin5.com/php/6022.html
flip2,博客系统,/c/boke/,TRUE,单用户博客,NDlog,NDlog由NickDraw(零度温柔) 个人独立开发的一套单用户博客系统，可用来企业建站或者搭建集合图文、图集、文章、音乐、视频等综合网站。,http://down.admin5.com/php/97593.html
flip2,博客系统,/c/boke/,TRUE,单用户博客,Geeklog,Geeklog是免费开源的博客软件，专注于高性能，隐私和安全，采用基于Web的管理和调查，并拥有友好的图形用户界面和主题管理器，简单好用。,http://down.admin5.com/php/1334.html
flip2,博客系统,/c/boke/,TRUE,单用户博客,Z-Blog,Z-Blog是一款简单，快速，高效的PHP博客程序，可以运行在WindowsLinux等众多平台上，有着丰富和强大的可定制性，可以更方便的管理和扩展您的网站。,http://down.admin5.com/php/134898.html
flip2,博客系统,/c/boke/,TRUE,单用户博客,PJBlog,PJBlog是一套开源免费的中文个人博客系统程序，具有相当高的运作效能以及更新率，也支持目前Blog所使用的新技术。,http://down.admin5.com/asp/540.html
flip2,博客系统,/c/boke/,TRUE,单用户博客,BlogYi,BlogYi是一款功能强大、设计新颖、方便易用的博客程序，本博基于 BlogEngine.NET 进行中文本地化，具有极强的可扩展性、高性能、良好的 SEO 性能和非凡的用户体验。,http://down.admin5.com/net/27425.html
flip2,博客系统,/c/boke/,TRUE,单用户博客,Ghost博客,Ghost是迄今为止最好用的开源博客平台，开源社区支持率远超WordPress，已成为国外最流程的独立博客平台。,http://down.admin5.com/qita/116757.html
flip2,博客系统,/c/boke/,TRUE,多用户博客,b2evolution博客系统,b2evolution是一个采用成熟的，优秀的Blog引擎。安装简单，即装即用，包含了一个Blog工具所应具备的所有功能。,http://down.admin5.com/php/1331.html
flip2,博客系统,/c/boke/,TRUE,多用户博客,墨子博客系统,墨子博客系统是一个采用PHP+MySQL开发的博客系统，轻量小巧、负载高效、个性化定制是其显著的优点。,http://down.admin5.com/php/138623.html
flip2,博客系统,/c/boke/,TRUE,多用户博客,Tpt-Blog博客管理系统,Tpt-Blog是一个免费开源、安全稳定、高效简洁的博客管理系统，支持主题模板一键切换，独立的社区问答板块，主要用于商业以及门户级的开发。 ,http://down.admin5.com/php/Tpt-Blog.html
flip2,博客系统,/c/boke/,TRUE,多用户博客,里程密PHP开源博客系统,里程密开源PHP博客系统实现完全傻瓜式操作，所有内容均可以在后台进行360无死角修改，采用市面主流框架Thinkphp，易读，易用。,http://down.admin5.com/php/130749.html
flip2,博客系统,/c/boke/,TRUE,多用户博客,EasyTalk微博客,EasyTalk是国内首款多用户开源微博客系统，支持多种方式发表和接收信息，全面符合国人上网习惯，真正轻量级架构，使得使用者上手容易，管理者部署容易、管理便捷。,http://down.admin5.com/php/45801.html
flip2,博客系统,/c/boke/,TRUE,多用户博客,LifeType,LifeType一个开源的Blog平台，在同一个系统中支持多个Blog和多个用户。具有友功能强大的多媒体文档管理功能以及有友好的用户界面。,http://down.admin5.com/php/22858.html
flip2,博客系统,/c/boke/,TRUE,多用户博客,OBlog,Oblog是一套经过完善设计的多用户博客建站程序，是Windows NT服务环境下多用户博客程序的最佳解决方案。,http://down.admin5.com/php/63539.html
flip2,博客系统,/c/boke/,TRUE,轻博客,HadSky轻博客,HadSky轻博客是一款免费开开源的轻博客系统，实现了程序体积小、加载速度快、操作方便和纯原创（轻、快、简、原）的特点，更有防灌水功能，帮助用户管理博客。,http://down.admin5.com/php/132324.html
flip2,博客系统,/c/boke/,TRUE,轻博客,HSHXBLOG,HSHXBLOG是一个全新的、倾向于音乐话题的"高质量内容发布和传播"的轻博客社区。,http://down.admin5.com/php/102642.html
flip2,博客系统,/c/boke/,TRUE,轻博客,拍旁网轻博,拍旁网轻博是一款以兴趣与爱好，分享与成长的轻博客，轻社区。,http://down.admin5.com/php/77134.html
flip2,博客系统,/c/boke/,TRUE,轻博客,云边轻博客,云边开源轻博是国内首个开源的轻博客平台，本系统吸取了轻博使用方面的优点，让站长搭建轻博客平台更为简单方便的。,http://down.admin5.com/php/75909.html
flip2,博客系统,/c/boke/,TRUE,轻博客,仿点点网轻博客,仿点点网轻博客是一套基于点点的开源的轻博客程序，有极强的可扩展性、高性能、良好的 SEO 性能和非凡的用户体验。 ,http://down.admin5.com/net/77293.html
flip2,博客系统,/c/boke/,TRUE,轻博客,地铁客轻博客,地铁客轻博客是一套基于云边的开源的轻博客程序。 ,http://down.admin5.com/php/84942.html
flip2,博客系统,/c/boke/,TRUE,轻博客,矮个芝麻,矮个芝麻是一款基于新浪轻博客的整体代码简单修改很方便的个人博客系统。,http://down.admin5.com/asp/89979.html
flip3,CMS系统,/c/cms/,TRUE,内容管理,DedeCMS,织梦内容管理系统以简单、实用、开源而闻名，是国内最知名的开源网站管理系统，也是使用用户最多的PHP类CMS系统，功能更专注于个人网站或中小型门户的构建。,http://down.admin5.com/php/7401.html
flip3,CMS系统,/c/cms/,TRUE,内容管理,帝国CMS,帝国CMS拥有超高效稳定的内核构架，功能强大，安全稳定的程序为网站发展与壮大提供更加可靠的保障！让网站发展无后顾之忧。,http://down.admin5.com/php/1428.html
flip3,CMS系统,/c/cms/,TRUE,内容管理,KesionCMS,KesionCMS是一款能建站产品，是CMS行业最流行的网站建设解决方案之一，以其简单易用、功能强大、拓展性极灵活而倍受广大用户的青睐。,http://down.admin5.com/asp/94414.html
flip3,CMS系统,/c/cms/,TRUE,内容管理,YouDianCMS,YouDianCMS友点企业网站管理系统集电脑站+手机站+微信站+APP+小程序五合一，具有操作简单、功能强大，可以帮您迅速、轻松地构建起一个强大专业的企业网站。,http://down.admin5.com/php/105436.html
flip3,CMS系统,/c/cms/,TRUE,内容管理,齐博CMS,"齐博CMS系统，代码全部开源,方便进行二次开发，提供了多种功能，并且所有功能模块可自由安装与删除，是国内开源CMS系统中较全面的产品。",http://down.admin5.com/php/2204.html
flip3,CMS系统,/c/cms/,TRUE,内容管理,FineCMS,FineCMS企业网站管理系统是一款高效简洁的中小型内容管理系统，，面向多终端包括Pc端网页和移动端网页，面向中小型站点，是人站长及中小企业的首选建站系统。,http://down.admin5.com/php/93827.html
flip3,CMS系统,/c/cms/,TRUE,内容管理,iCMS内容管理系统,"iCMS 是一套免费、简洁、高效、好用的内容管理系统,为您的网站提供一个完美的开源解决方案，面向包括桌面、平板、手机等多终端。",http://down.admin5.com/php/118309.html
flip3,CMS系统,/c/cms/,TRUE,内容管理,PHPCMS,PHPCMS采用面向对象方式进行基础运行框架搭建。框架易于功能扩展，代码维护，优秀的二次开发能力，可满足所有网站的应用需求。,http://down.admin5.com/php/69796.html
flip3,CMS系统,/c/cms/,TRUE,内容管理,AKCMS,"AKCMS是一款轻量级CMS，小巧高效，兼容性好，功能实用;,低CPU占用，低内存占用，对主机要求低；灵活自定义，适于SEO,支持整站HTML静态化。",http://down.admin5.com/php/18311.html
flip3,CMS系统,/c/cms/,TRUE,内容管理,DocCms,"DocCms前身是深喉咙CMS,是专业的企业网站建设系统,真正的免费开源程序,是企业用户建站的首选。",http://down.admin5.com/php/99496.html
flip3,CMS系统,/c/cms/,TRUE,内容管理,Joomla,Joomla是一套在国外相当知名的内容管理系统，采用PHP+MySQL数据库开发，可运行在各种平台上，除了提供各种基础功能，还能通过插件进行功能扩展。,http://down.admin5.com/php/74433.html
flip3,CMS系统,/c/cms/,TRUE,内容管理,KingCMS,"KingCMS是一款小巧、高效、人性化的, 基于WEB技术的内容管理系统。 ",http://down.admin5.com/php/18805.html
flip3,CMS系统,/c/cms/,TRUE,内容管理,歪酷CMS,歪酷CMS是一款基于THINKPHP框架开发的PHP+MYSQL网站建站程序。本程序实现了文章和栏目的批量动态管理的常见网站管理功能，帮用户轻松实现网站建站与管理。,http://down.admin5.com/php/77040.html
flip3,CMS系统,/c/cms/,TRUE,内容管理,yeencms,yeencms以简单、实用、开源而闻名，是国内PHP开源网站管理系统的一支新秀，系统开放源码、模块全部免费，特别适合于个人站长、中小型门户网站和企业用户。,http://down.admin5.com/php/101762.html
flip3,CMS系统,/c/cms/,TRUE,内容管理,动易CMS,动易CMS具有灵活的产品架构严密的安全性无限的扩展性和伸缩性，强大的功能和简单易用的完善融合赢得了广大用户的一致认可。,http://down.admin5.com/asp/1984.html
flip3,CMS系统,/c/cms/,TRUE,内容管理,SDCMS,SDCMS三网合一企业网站管理系统是一个以PHP+MySQL进行开发的三网合一网站源码。,http://down.admin5.com/php/137639.html
flip3,CMS系统,/c/cms/,TRUE,内容管理,风讯CMS,风讯CMS是一款具有强大的功能的基于ASP+ACCESS/MSSQ构架的内容管理软件，国内领先的第一款开源的、集成web2.0元素的、模块化的CMS建站系统。 ,http://down.admin5.com/asp/24338.html
flip3,CMS系统,/c/cms/,TRUE,内容管理,淘特CMS,淘特CMS是国内知的门户网站CMS开发商，具有完善的门户架构，是优秀的解决大数量，高并发的门户网站解决方案。,http://down.admin5.com/asp/376.html
flip3,CMS系统,/c/cms/,TRUE,内容管理,DianCMS,DianCMS功能设计主要面向中大型企业、事业单位以及政府机关等复杂功能站点，用户可以轻松、灵活的建立适合自身需求的任何系统功能，最大化满足不同需求。,http://down.admin5.com/net/18155.html
flip3,CMS系统,/c/cms/,TRUE,内容管理,maxcms,马克斯程序(MaxCMS)以开源、免费、功能强大、安全健壮、性能卓越、超级易用、模板众多、插件齐全等优势，受到众多企业和站长的喜爱 。,http://down.admin5.com/asp/4969.html
flip3,CMS系统,/c/cms/,TRUE,内容管理,ACTCMS,"ACTCMS是一款基于ASP语言的开源内容管理软件。其最大的特点是易用，系统自带三大模型,系统模型,注册模型.表单模型.让你无顾虑制作属于自己的特色网站。",http://down.admin5.com/asp/2403.html
flip3,CMS系统,/c/cms/,TRUE,内容管理,露珠cms,露珠CMS是一个以文章类、下载类、图片类、动画类、视频类为主的综合网站致力于打造互联网上程序最小功能齐全的网站源码。,http://down.admin5.com/asp/8957.html
flip3,CMS系统,/c/cms/,TRUE,内容管理,CGSAIL,CGSAIL系统功能完善，覆盖面广、扩展性强、负载能力好、模板调用非常灵活、管理方便，最大的特点是易用，js调用方法，简单直观。,http://down.admin5.com/asp/20283.html
flip3,CMS系统,/c/cms/,TRUE,内容管理,SiteServerCMS,SiteServerCMS是一款基于微软.NET 平台开发的定位于中高端市场的CMS内容管理系统，能实现一个功能齐全、性能优异、规模庞大并易于维护的网站平台的架设。,http://down.admin5.com/net/4974.html
flip3,CMS系统,/c/cms/,TRUE,内容管理,jumbotcms,jumbotcms是一套个人独立开发的内容管理系统，其前身为jbsitecms采用WEB2.0设计理念、无刷新更新页面，前台模板自定义。,http://down.admin5.com/net/77471.html
flip3,CMS系统,/c/cms/,TRUE,内容管理,逐浪CMS,逐浪CMS是以.net+mssql进行开发的全门户网站构建软件，其前瞻的H5技术加上丰富的开发组件足以胜任一切WEB开发以及商务场景平台的建设。,http://down.admin5.com/net/134183.html
flip3,CMS系统,/c/cms/,TRUE,内容管理,五指CMS,五指cms前后台界面采用html5+css3技术，可以进行跨屏、跨设备管理内容，极大的提升了用户体验。,http://down.admin5.com/php/118329.html
flip3,CMS系统,/c/cms/,TRUE,内容管理,Tcms,Tcms是一个支持多站点管理的网站群管理系统。,http://down.admin5.com/php/69706.html
flip3,CMS系统,/c/cms/,TRUE,内容管理,08CMS,08CMS是一个采用PHP/MySQL等多种数据库构建的高效网站解决方案，系统在代码质量，运行效率，负载能力，安全等级等方面都在广大用户中有良好的口碑。,http://down.admin5.com/php/1833.html
flip3,CMS系统,/c/cms/,TRUE,文章管理,天人文章管理系统,天人文章管理系统是一套asp+access代码构建的网站系统，主要应用在文章，图片类型的网站中，支持更换其他模板以及二次开发。,http://down.admin5.com/asp/132512.html
flip3,CMS系统,/c/cms/,TRUE,文章管理,网钛文章管理系统（OTCMS）,网钛文章管理系统(OTCMS)广泛适用于新闻发布型网站和资讯门户类网站，，通过简单的后台简单的配置，就能拥有一个个性化的的个人网站。,http://down.admin5.com/asp/70126.html
flip3,CMS系统,/c/cms/,TRUE,文章管理,老y文章管理系统,老y文章管理系统可使用动态、无组件伪静态、URL_ReWrite伪静态三种方式浏览，操作简单，安全可靠，只需要轻点鼠标就能建设功能齐全的专业级网站！,http://down.admin5.com/asp/105030.html
flip4,办公工作,/c/bangong/,TRUE,OA系统,天生创想OA办公系统,天生创想OA办公系统采用领先的B/S架构，框架结构更为清晰，代码更易于维护，网络办公不受地域限制，是中国用户群最广泛的OA软件之一。,http://down.admin5.com/php/103152.html
flip4,办公工作,/c/bangong/,TRUE,OA系统,IBOS,"IBOS为企业构建了一个基于互联网的专属工作平台, 对企业中沟通与互动、协作与管理的全方位整合，真正实现企业管理与办公自动化的完美集成。",http://down.admin5.com/php/95459.html
flip4,办公工作,/c/bangong/,TRUE,OA系统,PHPOA,PHPOA办公系统一站式全能型信息化数字服务平台！至力于企事业单位日常管理、审批和业务管理的全面数据化，帮助企事业真正带入全面数字化时代。,http://down.admin5.com/php/127881.html
flip4,办公工作,/c/bangong/,TRUE,OA系统,小微OA,小微OA是基于Thinkphp开发的php开源oa办公系统。简单易用、移动办公、高性价比是本系统的显著优点。,http://down.admin5.com/php/110428.html
flip4,办公工作,/c/bangong/,TRUE,OA系统,懒人工作通OA,懒人工作通OA采用领先的B/S操作方式，面向中小企业，易于安装维护，安全便捷，功能上注重实用、易用、安全、稳定，非常适用于企事业单位。,http://down.admin5.com/net/72017.html
flip4,办公工作,/c/bangong/,TRUE,OA系统,webERP,webERP是一套基于PHP+Mysql开发的ERP与财务管理软件，支持多公司，多币种，多税种，多库存管理。比较适合中小型的企业。,http://down.admin5.com/php/73476.html
flip4,办公工作,/c/bangong/,TRUE,OA系统,淘特OA,淘特OA根据当前的市场需求，集合公司技术开发精英历时两年打造的一款免费的协同办公系统。,http://down.admin5.com/net/102877.html
flip4,办公工作,/c/bangong/,TRUE,OA系统,86line,"86line是一套包括个人办公室,综合办公,信息中心,人力资源,员工交流,实用工具,系统管理的OA系统。",http://down.admin5.com/net/64396.html
flip4,办公工作,/c/bangong/,TRUE,OA系统,LogicalDOC,LogicalDOC是一个采用Java开发的基于网页的文档管理系统，易于使用和学习，是强大而灵活的OA管理解决方案。,http://down.admin5.com/jsp/73925.html
flip4,办公工作,/c/bangong/,TRUE,crm客户管理,今客CRM,今客CRM客户管理系统是针对中小企业销售管理应用而开发的工作平台，让用户以轻松的工作流方式移动办公，让客户关系管理过程变得社会化、自动化，实现精细化管理。,http://down.admin5.com/asp/133664.html
flip4,办公工作,/c/bangong/,TRUE,crm客户管理,友博CRM,友博CRM客户管理系统基于高性能的Yii框架开发，功能全面、界面美观、操作简单、拥有较强的安全性、稳定性，开启中小微企业大协作时代。,http://down.admin5.com/php/120607.html
flip4,办公工作,/c/bangong/,TRUE,crm客户管理,单点开源CRM,单点开源CRM基于GPLv3协议发行，针对中小企业管理活动，提供客户关系管理员、进销存、人力资源、后勤、物业管理等多种功能。,http://down.admin5.com/php/132256.html
flip4,办公工作,/c/bangong/,TRUE,crm客户管理,云梯端CRM,云梯端CRM界面简洁，功能强大，容易上手，设置灵活，安装方便，可以用于互联网、局域网或是单机，自定义功能十分强大，为二次开发省去了不少时间。,http://down.admin5.com/asp/116715.html
flip4,办公工作,/c/bangong/,TRUE,crm客户管理,悟空CRM,悟空CRM系统以CRM理念为基础，结合中国中小型企的特点与现状，形成了自身特有的特点和优势，具有良好的开放性、可扩展性、安全性和透明性。,http://down.admin5.com/php/102429.html
flip4,办公工作,/c/bangong/,TRUE,项目管理,禅道项目管理软件,禅道集产品管理、项目管理、质量管理、文档管理、组织管理和事务管理于一体，是一款专业的研发项目管理软件，完整地覆盖了项目管理的核心流程。,http://down.admin5.com/php/105116.html
DIV4,企业网站,/c/qiye/,FALSE,企业网站,S-CMS企业建站系统 ,S-CMS企业建站系统前端模板样式主打HTML5模板，以动画效果好、页面流畅、响应式布局为特色，拥有独立自主开发的一整套函数、标签系统，具有极强的可扩展性。,http://down.admin5.com/asp/130348.html
DIV4,企业网站,/c/qiye/,FALSE,企业网站,智睿企业网站管理系统,"智睿企业网站管理系统专注于中小企业服务,具有强大的系统功能和众多丰富的功能模型,个人站长完全免费使用，全开放源码，无任何加密。",http://down.admin5.com/asp/25036.html
DIV4,企业网站,/c/qiye/,FALSE,企业网站,千博企业网站,千博企业网站管理系统主要面向大中型企业电子商务网站的构建与运营，拥有极灵活的产品架构、极强的可扩展性可伸缩性，独一的设计，让客户过目不忘，提升品牌价值。,http://down.admin5.com/asp/11845.html
DIV4,企业网站,/c/qiye/,FALSE,企业网站,pageadmin,PageAdmin网站管理系统是一款支持多分站、多语种，集成内容发布、信息发布、自定义表单、自定义模型、会员系统、业务管理等功能于一体的网站管理系统。,http://down.admin5.com/net/8537.html
DIV4,企业网站,/c/qiye/,FALSE,企业网站,OpenWBS,OpenWBS是一种全新的互联网商务建站软件系统，采用全新的PC+手机+微信三合一系统架构，优化核心，实现了真正的模块化，是做企业网站和电商商城的好帮手。,http://down.admin5.com/asp/131217.html
DIV4,企业网站,/c/qiye/,FALSE,企业网站,PHPOK,PHPOK集成了常用的企业网站的实用模块和自定义模块功能，强大的SEO搜索优化及营销功能以及直观、简洁、轻松愉悦的后台管理，能满足大多数的初级企业网站用户。,http://down.admin5.com/php/19569.html
DIV4,企业网站,/c/qiye/,FALSE,企业网站,腾和企业网站管理系统,腾和企业网站管理系统从市场和客户需求出发，简单实用，利于优化，后台简洁明了，非常实用，融合美学和有效策略，为个人企业提供专业的网站建设方案。,http://down.admin5.com/asp/128673.html
DIV4,企业网站,/c/qiye/,FALSE,企业网站,IdeaCMS企业网站系统,IdeaCMS开源企业网站系统是基于Asp+Access/Mssql环境下开发的快速建站系统。系统内置单页、新闻、图片、视频、下载、产品、招聘七大内容模型。,http://down.admin5.com/asp/46659.html
DIV4,企业网站,/c/qiye/,FALSE,企业网站,MetInfo,MetInfo是一套非常适合企业新手建站的cms，系统主打简单、轻量、易用，前台可视化编辑，可见即可改，融入SEO理念设计，功能全面，支持多语言、响应式展示。,http://down.admin5.com/php/1849.html
DIV4,企业网站,/c/qiye/,FALSE,企业网站,易通cmseasy,易通cmseasy采用模块化方式，充分按照SEO最佳标准来开发，营销实用性非常强，是一款专为为大中型站点提供的重量级网站建设解决方案。,http://down.admin5.com/php/8961.html
DIV4,企业网站,/c/qiye/,FALSE,企业网站,易思ESPCMS,易思ESPCMS采用于PHP和MYSQL黄金组合进行开发，能够稳定运行于国内各大空间主机及主流的服务器，强大的功能加上主流的支持，为企业提供一个经济、稳定安全的建站管理平台。,http://down.admin5.com/php/45749.html
DIV4,企业网站,/c/qiye/,FALSE,企业网站,通王CMS,通王CMS是一款高性能轻量级开源框架、高性能轻量级模板引擎、高性能轻量级开源的亿级负载的轻量级CMS。,http://down.admin5.com/php/100457.html
DIV4,企业网站,/c/qiye/,FALSE,企业网站,建站之星sitestar,建站之星网站建设系统操作简单，任意布局，可视化UI编辑器，做企业、个人、网店、手机微信网站样样行，小程序、APP一键生成即刻拥有！,http://down.admin5.com/php/49220.html
DIV4,企业网站,/c/qiye/,FALSE,企业网站,NITC,NITC系统简单易用，界面精美，体验度高，对SEO优化也有良好的效果，而且永久免费，不需要专业的技术就能轻易上手，中小企业网站营销的最佳选择。,http://down.admin5.com/php/20752.html
DIV4,企业网站,/c/qiye/,FALSE,企业网站,新秀sinsiu,新秀sinsiu是一款免费的企业网站系统，后台功能齐全，操作简便，可开启伪静态和纯静态模式，有利于SEO优化；前台可设置成同时显示多国语言，适合用于外贸企业建站。,http://down.admin5.com/asp/56531.html
DIV4,企业网站,/c/qiye/,FALSE,企业网站,ShyPost,ShyPost是国内优秀的CMS企业建站系统，本系统使用简单，模板丰富多样，是一套服务于中小企业的CMS内容管理系统。,http://down.admin5.com/asp/ShyPost.html
DIV4,企业网站,/c/qiye/,FALSE,企业网站,NetGather,NetGather采用asp+acces开发，网站页面div+css兼容目前所有主流浏览器，台管理界面，操作便捷、友好、更具人性化，适合中小企业的网站模式。,http://down.admin5.com/asp/74054.html
DIV4,企业网站,/c/qiye/,FALSE,企业网站,天天企业网站管理系统,天天企业网站管理系统具有建站快捷、功能齐全、功能强大等特点，是一款博采众长开发的企业自助建站软件。,http://down.admin5.com/asp/75082.html
DIV4,企业网站,/c/qiye/,FALSE,企业网站,凡诺企业网站,凡诺企业网站是基于ASP/Access开发，全DIV＋CSS布局的企业建站系统。,http://down.admin5.com/asp/10269.html
DIV4,企业网站,/c/qiye/,FALSE,企业网站,客齐齐企业网站,客齐齐企业网站基于ASP+Access/Mssql技术开发的企业内容管理系统。系统内容页支持动态，伪静态，生成静态。代码和模板分离，让你更轻松的做网站。,http://down.admin5.com/asp/47752.html
DIV4,企业网站,/c/qiye/,FALSE,企业网站,SemCms,SemCms是一套开源外贸企业网站管理系统，主要从事于英文网站建设外贸网站建设外贸网站制作外贸网站源码开发，目前在国内已经成为最受欢迎的英文外贸网站之一。,http://down.admin5.com/asp/62457.html
DIV4,企业网站,/c/qiye/,FALSE,企业网站,深喉咙SHLCMS,深喉咙SHLCMS是一款免费开源的网站管理系统，采用网站功能模块化和网站风格模板化的设计方针，使得用户制作网站更加简易快捷，在企业网站建设领域应用非常广泛。,http://down.admin5.com/php/1393.html
flip6,电商系统,/c/shop/,TRUE,单用户商城,B2Bbuilder,B2Bbuilder是一款基于LAMP架构的B2B电子商务软件系统，可以快速布署建立一个功能强大的B2B电子商务行业网站，用户多、功能齐全、性能好、最易使用。,http://down.admin5.com/php/8878.html
flip6,电商系统,/c/shop/,TRUE,单用户商城,Destoon,DestoonB2B网站管理系统是一套完善的B2B行业门户解决方案，与同类产品相比，功能强大、使用简单、运行更稳定、安全性强，效率高，用户体验好。,http://down.admin5.com/php/4588.html
flip6,电商系统,/c/shop/,TRUE,单用户商城,OpenWBS企业电商系统,OpenWBS企业电商系统采用新一代全新架构，采用分层设计，拥有优秀的执行效率、扩展性和稳定性，企业商城 + 手机商城 + 微信商城，打通任督二脉，全通道营销！,http://down.admin5.com/asp/134541.html
flip6,电商系统,/c/shop/,TRUE,单用户商城,WSTShop,WSTShop B2C是单商家电子商务系统，系统为满足企业快速建立B2C商城倾心打造，为电商行业创业者提供了一站式快速构建B2C的解决方案。,http://down.admin5.com/php/WSTShop.html
flip6,电商系统,/c/shop/,TRUE,单用户商城,PHPSHE,PHPSHE网上商城系统以其安全稳定、简单易用、高效专业等优势赢得了用户的广泛好评。为用户提供了一个低成本、高效率的网上商城建设方案。,http://down.admin5.com/php/110098.html
flip6,电商系统,/c/shop/,TRUE,单用户商城,iWebShop,iWebShop是一款面向独立卖家的单用户开源网店系统，集成了一切网店必要的功能模块，可以轻松满足用户量级百万至千万级的大型电子商务网站的性能要求。,http://down.admin5.com/php/48728.html
flip6,电商系统,/c/shop/,TRUE,单用户商城,KesionEshop,KesionEshop是一套电子商务建站平台系统，内置强大的网站内容管理及论坛系统，简单易用、功能强大、拓展性极灵活，是目前最为流行的电子网站建设解决方案之一。,http://down.admin5.com/asp/7389.html
flip6,电商系统,/c/shop/,TRUE,单用户商城,LebiShop,LebiShop网上商店系统致力于为用户产生收益的网上商店系统，功能实用，操作便利，同时具备供应商供货和商家开店两种模式，还有更多增强扩展插件为您保驾护航。,http://down.admin5.com/net/105955.html
flip6,电商系统,/c/shop/,TRUE,单用户商城,TPshop,TPshop商城代码清晰简洁通俗易懂，丰富的插件和多套模板支持且易扩展可以轻松打造出了一套可以满足运营商、供货商、采购商、用户分销的免费开源网店系统。,http://down.admin5.com/php/132661.html
flip6,电商系统,/c/shop/,TRUE,单用户商城,Niushop,Niushop商城完全面向对象的技术架构设计开发 四网合一、完全开源，适合企业及个人包含 B2B2C + 微信商城 + WAP + Android + IOS，二次开发非常方便。,http://down.admin5.com/php/138009.html
flip6,电商系统,/c/shop/,TRUE,单用户商城,Shop7z,Shop7z网上购物系统旗舰版集众家之所长，具有大气美观的页面，并整合了众多实用功能，结合强大的SEO优化，是国内专业的ASP网店购物系统专家。,http://down.admin5.com/asp/132133.html
flip6,电商系统,/c/shop/,TRUE,单用户商城,无忧购物系统,无忧购物系统是一个功能强大、展示信息丰富的销售平台，具有产品展示、购物车和生成订单等功能，还具有简单的会员管理系统。,http://down.admin5.com/asp/20027.html
flip6,电商系统,/c/shop/,TRUE,单用户商城,ShopXp网店系统,Shopxp网上购物系统完整可用，无任何收费项目，可以结合自身的技术情况，进行开发完善。,http://down.admin5.com/net/1487.html
flip6,电商系统,/c/shop/,TRUE,单用户商城,ShopWind,ShopWind是国内最专业的网店程序之一，速度快、性能好、安全性高，支持多种类型商品销售，提供了灵活的模板机制和强大的推广营销功能。,http://down.admin5.com/asp/21429.html
flip6,电商系统,/c/shop/,TRUE,单用户商城,V5SHOP,V5SHOP是一款B2C网上开店软件，适合中小型企业及个人快速构建个性化网上商店，系统在安全性、稳定性、易用性和实用性都得到了空前的突破。,http://down.admin5.com/net/8328.html
flip6,电商系统,/c/shop/,TRUE,单用户商城,HiShop,HiShop是基于WEB应用的B/S架构的B2C网上商店系统，强劲、安全、稳定、易用、免费是其主要特性，多种独创的技术使得系统能满足各行业广大用户的各种需求。,http://down.admin5.com/net/97329.html
flip6,电商系统,/c/shop/,TRUE,单用户商城,乐彼多语言网上商店系统,乐彼多语言网上商店系统是一款致力于为用户产生收益的网上商店系统，采用ASP.NET（C#）和AJAX技术全新开发，运行于高速稳定。,http://down.admin5.com/net/105955.html
flip6,电商系统,/c/shop/,TRUE,单用户商城,Yxshop,Yxshop是国内首家ASP.NET免费开源商城购物系统，具有开源、高速、稳定、安全等特性，可自由添加频道，只要懂得网站常识的站长就可以轻松使用。,http://down.admin5.com/net/1632.html
flip6,电商系统,/c/shop/,TRUE,单用户商城,动易BizIdea,动易BizIdea是一套专门面向大中型企业级电子商务平台构建与管理的解决方案，拥有全套的企业电子商务支持工具，尤为适用于进行各类直销、分销电子商务运营。,http://down.admin5.com/net/6091.html
flip6,电商系统,/c/shop/,TRUE,单用户商城,XpShop,XpShop秉承"简单体验科技"之理念，是一款结合ERP库存管理的自主研发，支持多语言，多模版的网店系统。,http://down.admin5.com/net/1560.html
flip6,电商系统,/c/shop/,TRUE,单用户商城,ECShop,ECSHOP是一款开源免费的网上商店系统，由专业的开发团队升级维护，提供及时高效的技术支持，还可以根据自己的商务特征进行定制，增加自己商城的特色功能。,http://down.admin5.com/php/3995.html
flip6,电商系统,/c/shop/,TRUE,单用户商城,慧博HuiboShopa,慧博HuiboShopa是一套一个简单又实用的商城系统。,http://down.admin5.com/net/73309.html
flip6,电商系统,/c/shop/,TRUE,单用户商城,ShopEx,ShopEx是著名的国产网上商店系统，性能卓越，支持多语言，内置几十种网上支付网关和精美模板，帮助用户快速建立个性化的网上商店，支持实体、非实体商品销售。,http://down.admin5.com/php/53485.html
flip6,电商系统,/c/shop/,TRUE,多用户商城,汉潮B2B2C多用户商城,汉潮B2B2C多用户商城支持平台自营与多商家店铺共存模式，线上线下完美结合，以其丰富的营销功能，精细化的用户运营，帮助企业打造生态级B2B2C盈利模式商业平台。,http://down.admin5.com/php/138369.html
flip6,电商系统,/c/shop/,TRUE,多用户商城,WSTMall,WSTMall是一款基于thinkphp开发的多商户新零售开源系统，能够帮助企业及个人快速构建O2O服务体系的系统 ，用户运营起来推广简单，用户管理商城方便、快捷。,http://down.admin5.com/php/122735.html
flip6,电商系统,/c/shop/,TRUE,多用户商城,ISkyShop,ISkyShop着重从UI设计、系统性能优化、微信商城功能完善入手，结合主流电商平台，为电商运营商打造一流的电商平台，是目前国内B2C2C中最优秀的平台之一。,http://down.admin5.com/jsp/108288.html
flip6,电商系统,/c/shop/,TRUE,多用户商城,Niushop多用户开源商城,Niushop多用户开源商城是一款iOS 、Android多平台开源电商系统，能实现微信微分销和电商平台招商运营，完全面向对象的技术架构设计开发。,http://down.admin5.com/php/138545.html
flip6,电商系统,/c/shop/,TRUE,多用户商城,MallBuilder,MallBuilder是一款多用户网上商城解决方案，系统操作简单，功能完善，性能稳定可以快速建立一个功能强大，企业、行业化、本地化和垂直化的多用户商城。,http://down.admin5.com/php/98938.html
flip6,电商系统,/c/shop/,TRUE,多用户商城,ShopNC,ShopNC商城系统全面支持多终端设备，能实现多屏购物、分销等功能。全新的点播、资讯都能给消费者带来全新的购物体验。,http://down.admin5.com/asp/103621.html
flip6,电商系统,/c/shop/,TRUE,多用户商城,ECMall,ECMall是一款高效、开源允许店铺加盟的多店系统，它不仅可以帮助众多成熟的网络社区实现社区电子商务还可以推进各种地域性、垂直性明显的门户网站的电子商务进程。,http://down.admin5.com/php/8526.html
flip6,电商系统,/c/shop/,TRUE,多用户商城,网趣网上购物系统,网趣网上购物系统是集网上商城与用户开店以及商城社区于一体的多功能购物系统。,http://down.admin5.com/asp/75817.html
flip6,电商系统,/c/shop/,TRUE,多用户商城,宝贝儿拍卖系统,宝贝儿拍卖系统是一款基于ASP/ACCESS/MSSQL开发的多用户网络拍卖商城购物系统。,http://down.admin5.com/asp/99225.html
flip6,电商系统,/c/shop/,TRUE,淘宝客,多多返利,多多返利淘宝客程序采用最流行的HTML5+CSS3炫动效果，涵盖国内返利行业优秀产品经理及运营团队的优化，适合网络建站初学者及更高级站长的淘宝客程序。 ,http://down.admin5.com/php/69340.html
flip6,电商系统,/c/shop/,TRUE,淘宝客,PinPHP,PinPHP是一套基于LAMP技术架构的、免费的、开源的社会化分享系统，拥有专业的技术团队、独立的自主框架、完善的电商解决方案。,http://down.admin5.com/php/90317.html
flip6,电商系统,/c/shop/,TRUE,淘宝客,轩宇淘宝客,轩宇淘宝客主要用于淘宝客打折单品的推广，可生成多个推广位绑定不同群，转化对应推广口令，实现多推广位精准投放，同时支持多推广位，多重代理，收益最大化！,http://down.admin5.com/php/112689.html
flip6,电商系统,/c/shop/,TRUE,淘宝客,飞天侠淘宝客,"飞天侠淘宝客是一款拥有鹊桥采集功能，在线售货功能，自动维护顾客功能，提供免费淘宝客网站,免费拥有你的淘宝客推广网站。",http://down.admin5.com/php/96838.html
flip6,电商系统,/c/shop/,TRUE,淘宝客,海纳淘宝客,海纳淘宝客是全国唯一拥有CPC点击分成的淘宝客网站程序，程序安装简单，使用方便，易于优化，方便百度收录。,http://down.admin5.com/net/102471.html
flip6,电商系统,/c/shop/,TRUE,团购,天天团购,天天团购系统专注于为团购平台发展提供完整解决方案，系统采用PHP+mysql开发，内置多种支付接口，另外可通过Ucenter模块，与网站已有系统无缝整合。,http://down.admin5.com/php/62779.html
flip6,电商系统,/c/shop/,TRUE,团购,乐尚团购,乐尚团购系统可以高效、快速、低成本的构建个性化、专业化、强大功能的团购网站，具有执行效率高、模板自由切换、后台管理功能方便等诸多优秀特点。,http://down.admin5.com/php/108661.html
flip6,电商系统,/c/shop/,TRUE,团购,织梦团购,织梦团购是国内首款团购管理软件，定位中高端市场，以其完美用户体验与极佳性能，为用户提供最值得信赖的团购系统平台，是您身边团购系统专家。,http://down.admin5.com/php/74044.html
flip6,电商系统,/c/shop/,TRUE,团购,蓝海豚团购,蓝海豚团购是一套开源程序，具有强大的多规则API采集功能、精确化引导消费功能，卓越的负载能力和访问速度，全面支持第三方整合。,http://down.admin5.com/php/72282.html
flip6,电商系统,/c/shop/,TRUE,团购,手拉手团购,手拉手团购系统是一套Groupon模式的开源团购程序，采用ASP+MSSQL开发的，安装超简，功能超全面，内置多种主流在线支付接口，所有网银用户均可无障碍支付。 ,http://down.admin5.com/asp/71580.html
flip6,电商系统,/c/shop/,TRUE,团购,EDayShop,EDayShop是一套可自由扩展功能、完善功能，可用于学习也可以作为商业用途的团购系统。 ,http://down.admin5.com/asp/82992.html
flip6,电商系统,/c/shop/,TRUE,团购,最土团购,最土团购系统基于Web应用的B/S架构是国内最专业、功能最强大的GroupOn模式的免费开源团购系统平台，拥有专业的技术团队、完美的用户体验与极佳的性能。,http://down.admin5.com/php/51434.html
flip6,电商系统,/c/shop/,TRUE,威客,客客族KPPW,客客族KPPW核心功能是基于任务悬赏交易和用户服务商品交易为主构建一个威客模式的在线服务交易平台，其主要交易对象是以用户为主的技能经验时间和智慧型商品。,http://down.admin5.com/php/60925.html
flip6,电商系统,/c/shop/,TRUE,威客,恒友威客,"恒友网络威客+商城系统 创新威客任务系统,具备多用户商城系统功能，既可以发任务接单赚钱,也可以开店购物发货,功能任您选择。",http://down.admin5.com/php/138956.html
flip6,电商系统,/c/shop/,TRUE,威客,FoxPHP威客系统,FoxPHP威客系统是中国最早的悬赏威客程序，拥有强大的核心框架与编辑器，完美的优化SEO和管理功能，适合于设计行业、程序开发、推广、起名、包外平台等。,http://down.admin5.com/php/134653.html
flip7,地方生活,/c/shenghuo/,TRUE,门户网站,知科门户ZKCMS,知科门户ZKCMS以提供城市本地化信息为主，兼具其他各种信息版块，能瞬间建立强大的地方信息平台，为快速构架强大的城市网站提供了有效可行的、网站解决方案。,http://down.admin5.com/net/73592.html
flip7,地方生活,/c/shenghuo/,TRUE,门户网站,蝉知企业门户,蝉知门户系统是一款开源免费的企业门户系统，专为企业营销设计！内置了文章、产品、论坛、评论、会员、博客、手册等功能，并且针对搜索引擎做了大量的优化工作。,http://down.admin5.com/php/105877.html
flip7,地方生活,/c/shenghuo/,TRUE,门户网站,javapms,JAVAPMS是一款技术先进、安全稳定、操作友好、注重用户体验的JAVA门户管理系统，倾力打造JAVA门户管理系统品牌，适用于各类信息门户网站建设。,http://down.admin5.com/jsp/102828.html
flip7,地方生活,/c/shenghuo/,TRUE,门户网站,Data地方门户,Data地方门户系统是一套免费的地方门户网站搭建系统，包含分类信息、团购、招聘等常用的功能，修改标签就能完成绝大部分的页面修改，实现每个网站自己的特色。,http://down.admin5.com/net/107350.html
flip7,地方生活,/c/shenghuo/,TRUE,门户网站,Dircms,Dircms是一款功能强大，稳定安全，内置多种功能模块，支持在线一键升级的门户网站系统。,http://down.admin5.com/php/76205.html
flip7,地方生活,/c/shenghuo/,TRUE,分类信息,ThinkLC,"本系统采用PHP+MYSQL开发,致力于地方分类信息的发展，为您提供全新地方分类信息解决方案。",http://down.admin5.com/php/87687.html
flip7,地方生活,/c/shenghuo/,TRUE,分类信息,MYMPS蚂蚁分类信息系统,蚂蚁分类是一款基于php+mysql的分类信息/地方门户网站建站系统.为在各种服务器上架设分类信息网站提供完美的解决方案。,http://down.admin5.com/php/135830.html
flip7,地方生活,/c/shenghuo/,TRUE,分类信息,梦行PHP分类信息源码,梦行Monxin分类信息系统主要特点在于模板界面随意换、可视化模块排版、海量功能按需扩展、带手机版界面，且多网合一 PC站、手机站、微站 一次到位。,http://down.admin5.com/php/136161.html
flip7,地方生活,/c/shenghuo/,TRUE,分类信息,淘特地方分类信息系统,淘特地方分类信息系统基于淘特ASPCMS核心创建，借助CMS灵活性，CMS＋分类信打造本地信息门户网站。,http://down.admin5.com/asp/45763.html
flip7,地方生活,/c/shenghuo/,TRUE,分类信息,良精,"良精地方分类信息网站管理系统采用asp+access开发, 运行稳定，快速，安全性能优良,功能更强大,是一套优秀的分类信息程序。",http://down.admin5.com/asp/56832.html
flip7,地方生活,/c/shenghuo/,TRUE,分类信息,宁志协会团体门户网站系统,宁志协会团体门户网站系统主要为全国各地方协会自助建站提供方便，是一个基于PHP+MySQL搭建，功能强大，高效的开源论坛系统。 ,http://down.admin5.com/asp/99857.html
flip7,地方生活,/c/shenghuo/,TRUE,分类信息,博科供求信息网站管理系统,博科供求信息网站管理系统具有安全、稳定、强大、易用的特点。适用于各地建立供求信息网、二手交易网、网上博览会、商贸通、企业录等网站。,http://down.admin5.com/asp/2395.html
DIV7,人才招聘,/c/rencai/,FALSE,人才招聘,骑士cms,骑士PHP人才系统(74cms)是一项基于PHP+MYSQL为核心开发的一套免费+开源专业人才系统。软件具执行效率高、模板自由切换、后台管理功能方便等诸多优秀特点。,http://down.admin5.com/php/63643.html
DIV7,人才招聘,/c/rencai/,FALSE,人才招聘,PHP云人才系统,phpyun人才招聘系统一直致力于打造专业的人才招聘系统，高效开源的人才与企业求职招、聘解决方案，并在能极大的满足站长对于网站程序进行二次开发。,http://down.admin5.com/php/64930.html
DIV7,人才招聘,/c/rencai/,FALSE,人才招聘,一网云cms,一网云cms人才网系统易用、功能，为求职者提供最全面，最准确的职位信息，企业能快速的发布招聘职位，节约招聘成本，实现最佳的招聘效果。,http://down.admin5.com/php/139007.html
DIV7,人才招聘,/c/rencai/,FALSE,人才招聘,工作易,工作易人才招聘系统功能强大，自主研发万能采集器，采集各种企业、文章数据，还自带木马防火墙，保护数据安全不丢失不被盗取，更有人性化管理，方便实用。,http://down.admin5.com/net/113485.html
DIV7,人才招聘,/c/rencai/,FALSE,人才招聘,嘉缘人才系统,嘉缘人才系统是一个经过完善设计并适用于各种服务器环境的高效、全新、快速和优秀的人才网站解决方案。,http://down.admin5.com/php/68671.html
DIV7,人才招聘,/c/rencai/,FALSE,人才招聘,江阴人才系统,江阴人才网人才招聘系统由企业招聘、兼职招聘等部分组成，初衷就是让拥有该人才网的客户能盈利，保证运营商不但轻松管理网站，还能轻松赚钱。,http://down.admin5.com/asp/21775.html
DIV8,交友征婚,/c/jiaoyou/,FALSE,交友征婚,OElove,OElove是一套专业级本地化运营的婚恋、主题类交友系统，拥有交友、婚恋、微博、互动、心理测试等的基础功能，可直接运作也可以进行二次开发模块及功能订制。,http://down.admin5.com/php/77514.html
DIV8,交友征婚,/c/jiaoyou/,FALSE,交友征婚,UCenter Home,UCenter Home是一款社区交友系统，功能应用非常丰富，用户可以轻松构建一个以好友关系为核心的交流网络，实现记录生活、分享信息等社交功能。,http://down.admin5.com/php/3835.html
DIV8,交友征婚,/c/jiaoyou/,FALSE,交友征婚,青城交友,青城交友是基于ASP+ACCESS开发的婚恋交友系统。,http://down.admin5.com/asp/77198.html
DIV8,交友征婚,/c/jiaoyou/,FALSE,交友征婚,CC校友圈,CC校友圈是一款校友人脉交流平台解决方案，以"沟通新人脉"为主轴突出"用户中心"和"群组中心"，来最大限度增强用户粘性。,http://down.admin5.com/asp/72455.html
DIV8,交友征婚,/c/jiaoyou/,FALSE,交友征婚,JuSNS,JuSNS是一款平台型社交网络软件，系统灵活多变，免费开源，并提供完善的开发者文档，功能强大，拥有朋友，空间，心情日记等16个基础模型。,http://down.admin5.com/net/71995.html
DIV9,电影网站,/c/dianying/,FALSE,电影网站,飞飞影视,飞飞影视导航系统FeiFeiCms是一套专为不同需求的站长而设计的视频点播系统，专注于提供、视频点播、影视聚合建站服务，灵活，方便是其最大的特色，,http://down.admin5.com/php/47237.html
DIV9,电影网站,/c/dianying/,FALSE,电影网站,MovCms,Movcms!视频分享系统具备特有的采集功能，强大的影片资源库，完善的会员系统，添加引用资源简单方便，轻架构，快速搭建并轻松管理视频电影程序。,http://down.admin5.com/asp/119927.html
DIV9,电影网站,/c/dianying/,FALSE,电影网站,雷风影视,雷风影视CMS适合各类视频影视网站内容管理，可以自定义播放器，具有良好的用户体验，采用标签式模板，方便用户开发自己专属的模板和扩展程序，程序的稳定且高效。,http://down.admin5.com/php/27120.html
DIV9,电影网站,/c/dianying/,FALSE,电影网站,海洋影视管理系统,海洋影视管理系统是一套专为不同需求的站长而设计的视频点播系统，灵活，方便，人性化设计简单易用是最大的特色，是快速架设视频网站首选。,http://down.admin5.com/php/122150.html
DIV9,电影网站,/c/dianying/,FALSE,电影网站,PiPiCMS,"PiPiCMS是一款基于PHP+MySQL的影视建站程序,本系统使用程序模板分离架构，后台集成海量资源库链接，简单操作就能让您的网站与众不同。",http://down.admin5.com/php/96364.html
DIV9,电影网站,/c/dianying/,FALSE,电影网站,光线CMS,光线CMS是一款PHP+MSSQL开发的影视建站程序，主要用于视频教学站，影视剧情站，小视频搞笑站，聚合导航站等多种领域。,http://down.admin5.com/php/72362.html
DIV9,电影网站,/c/dianying/,FALSE,电影网站,马克斯程序,马克斯程序是一套采用php+mysql架构的CMS系统，%完全开源、永久免费、功能强大、安全健壮、性能卓越、超级易用是其显著的优点。,http://down.admin5.com/php/102308.html
DIV9,电影网站,/c/dianying/,FALSE,电影网站,露珠电影站,露珠电影站致力于打造互联网上程序最小功能齐全的网站源码。,http://down.admin5.com/asp/2383.html
DIV9,电影网站,/c/dianying/,FALSE,电影网站,MacCms,MacCms是一套完善而强大的视频电影系统。系统程序体积小、运行速度快、建站成本非常低，具有强大的自定义采集功能。,http://down.admin5.com/asp/100846.html
DIV10,小说系统,/c/xiaoshuo/,FALSE,小说系统,YGBOOK,YGBOOK小说内容管理系统是介于CMS和小偷网站之间的一款新型网站系统，提供一个轻量级小说网站解决方案，批量采集，自动更新，并进行数据入库。,http://down.admin5.com/php/136307.html
DIV10,小说系统,/c/xiaoshuo/,FALSE,小说系统,PTNovelSteal,PTNovelSteal全自动更新小说，实时在线更新，下载文字章节，图片章节，书籍封面到本地保存，还能实现非法小说、非法词语屏蔽功能等诸多功能。,http://down.admin5.com/php/30367.html
DIV10,小说系统,/c/xiaoshuo/,FALSE,小说系统,杰奇小说,杰奇小说是一款简单好用的小说源码系统，流行十余年的文学小说网站建站系统，能给读者带来优秀的阅读体验。,http://down.admin5.com/php/1071.html
DIV11,直播系统,/c/zhibo/,FALSE,直播系统,云豹直播,云豹直播将网页直播和手机直播合二为一，全方位多终端满足观众直播观看体验，具有很强的拓展性以及极为容易上手的特点。,http://down.admin5.com/php/133759.html
DIV12,网址导航,/c/daohang/,FALSE,网址导航,味多美网址导航,味多美网址导航源码采用ASP+ACCESS架构，安全稳定，支持无限级分类，程序最大特点是改变了以往网址站一成不变的模式，给予用户最大的宣传和展示的机会。,http://down.admin5.com/asp/18226.html
DIV12,网址导航,/c/daohang/,FALSE,网址导航,"114啦导航	",114啦导航是雨林木风旗下，Php+Mysql架构的网址导航，是目前国内使用率最高的网址导航之一，能帮助站长轻松搭建各类网址导航网站。,http://down.admin5.com/php/1975.html
DIV12,网址导航,/c/daohang/,FALSE,网址导航,162100网址导航,"162100网址导航采用PHP+Mysql构架的,程序构思、安装、管理无比简洁。 ",http://down.admin5.com/php/70002.html
DIV12,网址导航,/c/daohang/,FALSE,网址导航,搜索动力搜索引擎,搜索动力基于在线搜盟云搜索，强大的搜索功能、前沿的应用、兼容性好、方便易上手是其显著的优点，从而能为用户提供最好的搜索体验!,http://down.admin5.com/asp/7682.html
DIV12,网址导航,/c/daohang/,FALSE,网址导航,hao123网址导航源码,"hao123网址导航源码是最具权威的中文上网导航,汇集最优秀的网站及资源。 ",http://down.admin5.com/asp/96331.html
flip14,互联网金融,/c/jinrong/,TRUE,众筹系统,RaiseDreams众筹梦想,RaiseDreams是一款高品质的在线众筹网站平台，提供回报型众筹系统、股权型众筹系统和综合型众筹系统，为即将投入众筹行列的金融大亨及企业准备。,http://down.admin5.com/net/118922.html
flip14,互联网金融,/c/jinrong/,TRUE,众筹系统,XpZC新普众筹,新普众筹系统致力于为项目人和投资人搭建一个安全、高效、稳定的网络服务平台，可选择股权众筹和回报众筹并能根据客户实际需求能灵活增加系统功能模块。,http://down.admin5.com/net/132232.html
flip15,垂直行业,/c/hangye/,TRUE,政府,千博政府网站群管理系统,千博政府网站群管理系统可高效构建政府门户网站等各种类型政府信息化平台，协助各级政府向“服务平台化、站点集群化” 的特点发展。,http://down.admin5.com/net/77156.html
flip15,垂直行业,/c/hangye/,TRUE,政府,智睿政府网站管理系统,"智睿政府网站管理系统具有强大的系统功能,拥有视频展示、文章/新闻、图片/风光、政务要闻、问答/留言、友情链接、广告系统、自定义模型等众多丰富的功能模型。",http://down.admin5.com/asp/47787.html
flip15,垂直行业,/c/hangye/,TRUE,政府,国微CMS政府网站系统,宁志地方政府网站管理系统是一套专为地方政府建站首选的信息网站管理系统，大红色风格宽频页面十分大方。安全、稳定、美观、实用、易操作是其显著特点。,http://down.admin5.com/php/121556.html
flip15,垂直行业,/c/hangye/,TRUE,政府,PageAdmin政府网站管理系统,pageadmin政府网站管理系统基于asp.net开发，集成内容发布、信息发布、自定义表单、自定义模型、会员系统等功能于一体，被广泛用于全国各大政府及机关部门网站。,http://down.admin5.com/net/119683.html
flip15,垂直行业,/c/hangye/,TRUE,政府,KesionICMS 智能建站系统（政府版）,KesionICMS 智能建站系统（政府版）将各级党政机关建设成为便民服务的“窗口”，将政府网站建设成一个集信息平台，服务平台为一身的综合门户网站系统。,http://down.admin5.com/net/131897.html
flip15,垂直行业,/c/hangye/,TRUE,医疗,S-CMS医院建站系统,S-CMS医院建站系统是一款专业的医院建站系统源码，本系统转为医院建站开发设计，功能齐全，操作简单，有这方面需要的朋友可以来看看。,http://down.admin5.com/asp/132217.html
flip15,垂直行业,/c/hangye/,TRUE,旅游,雨楠旅游,雨楠旅游网服务管理系统包括旅游中的各种功能，主要针对旅行社，地区旅游门户网站而开发。,http://down.admin5.com/asp/101784.html
flip15,垂直行业,/c/hangye/,TRUE,餐饮,ZYCH餐饮业网站管理系统,ZYCH自由策划餐饮业网站管理系统具有体积小巧、程序文件结构严谨、界面清爽简单、功能强大、使用入门快、中小型餐饮企业使用投资小等实用特点。,http://down.admin5.com/asp/132541.html
flip15,垂直行业,/c/hangye/,TRUE,餐饮,快捷网上订餐系统,快捷网上订餐系统是一款基于互联网与移动互联网订餐服务预订系统，目前系统主要定位于细分餐饮市场，真正实现商家与用户的连接。,http://down.admin5.com/php/134016.html
flip15,垂直行业,/c/hangye/,TRUE,房产,淘特房产门户管理,淘特房产门户管理系统提供了楼盘、二手房、房产中介、房产经济人、业主社区等管理模块，满足于地方房产门户网站需求，是目前国内最为专业的房产网站管理软件。,http://down.admin5.com/asp/77383.html
flip15,垂直行业,/c/hangye/,TRUE,房产,开单大师,开单大师标准的房产ERP解决方案，页面简洁明了，数据实时更新，一键式操作管理，全新智能定义房源等级标准，、通道内资源维护周期标准化，保证成交。,http://down.admin5.com/php/138576.html
flip15,垂直行业,/c/hangye/,TRUE,房产,易想房产网YxHouse,易想房产网YxHouse基于PHP+MYSQL技术独立研发而成的，是建设区域性专业房地产门户类网站的管理系统。,http://down.admin5.com/net/46056.html
flip15,垂直行业,/c/hangye/,TRUE,房产,淘特二手房系统,淘特二手房系统是在淘特房产门户系统基础上，专门定制开发的一套二手房信息系统，要提供了房屋信息出售、出租、求购、求租、合租等信息的发布平台。,http://down.admin5.com/asp/103517.html
flip15,垂直行业,/c/hangye/,TRUE,房产,淘特房产,淘特房产是目前国内最为专业的房产网站管理软件，提供了楼盘、二手房、房产中介、房产经济人、业主社区等管理模块，是目前国内最为专业的房产网站管理软件之一。,http://down.admin5.com/asp/77383.html
flip15,垂直行业,/c/hangye/,TRUE,房产,eims_house,eims_house是一款是采用ASP开发的房产中介管理系统。,http://down.admin5.com/asp/27661.html
flip15,垂直行业,/c/hangye/,TRUE,房产,安乐业房产系统,安乐业房产系统是国内房产网站建设首选品牌，采用高效率的PHP5+MYSQL架构而成。,http://down.admin5.com/php/74277.html
flip15,垂直行业,/c/hangye/,TRUE,学校,校无忧学校网站系统,校无忧学校网站系统是一套中、小学通用的学校网站管理系统，采用适合学校的专用网站模版，增强了系统的针对性和易用性。,http://down.admin5.com/asp/76592.html
flip15,垂直行业,/c/hangye/,TRUE,学校,易学堂在线学习系统,易学堂在线学习系统为现代学习型组织提供了卓有成效的学习与培训方案， 能够通过在线学习和在线评估的方式轻松完成针对员工制订的培训计划，轻松建立自己的网校！,http://down.admin5.com/php/133101.html
flip15,垂直行业,/c/hangye/,TRUE,学校,EduWork中小学管理培训管理系统,EduWork中小学管理培训管理系统是专业为中小学培训机构，为了帮助中小学培训机构科学管理而开发的一款智能化程序，拥有完善的网站前台和后台全智能化管理功能。,http://down.admin5.com/php/134851.html
flip15,垂直行业,/c/hangye/,TRUE,学校,PageAdmin学校网站管理系统,pageadmin学校网站管理系统是一款支持多分站多语种，集内容发布、信息发布、自定义表单、自定义模型、会员系统、业务管理等功能于一体的院校网站搭建管理系统。,http://down.admin5.com/net/106665.html
flip15,垂直行业,/c/hangye/,TRUE,学校,智睿学校网站管理系统,智睿学校网站系统定位教育网行开发的系统，功能齐全，增强了针对性和易用性，适合创建中、小学校，大中院校，技校使用。,http://down.admin5.com/asp/19933.html
flip15,垂直行业,/c/hangye/,TRUE,婚庆,追梦电子请柬,追梦电子请柬兼容PC电脑端与手机端，请柬包含地图，相册，音频以及留言功能，支持分享到微信朋友圈和好友，自动识别指定略缩图，加载速度快。,http://down.admin5.com/asp/135214.html
flip15,垂直行业,/c/hangye/,TRUE,婚庆,ZYCH婚纱摄影网站管理系统,ZYCH自由策划婚纱摄影网站管理系统是一套全新用于婚纱摄影行业的网站系统，满足婚纱摄影行业网站源码风格市场的稀缺，适合中小婚纱摄影公司、工作室自建网站。,http://down.admin5.com/asp/110649.html
flip15,垂直行业,/c/hangye/,TRUE,婚庆,OEmarry,OEmarry婚嫁电子商务系统是一套专业级本地化运营的婚庆、婚嫁类电子商务系统。拥有婚嫁、婚庆、商家、团购、活动、资讯、导购等的基础功能。,http://down.admin5.com/php/127565.html
DIV15,微信相关,/c/weixin/,FALSE,微信相关,weiphp微信公众平台,weiphp是一个开源，高效，简洁的微信开发平台，目的是最大化的简化微信开发的流程，使用开发者能把最好的精力放到微信具体业务开发，并能以最快的时间完成。,http://down.admin5.com/php/109185.html
DIV15,微信相关,/c/weixin/,FALSE,微信相关,企捷微信协同办公系统,企捷微信协同办公系统是基于微信企业号而建立的协同办公平台，集成微信企业号，支持PC端并与微信企业号完美结合 随时随地处理业务缩短办公时间。,http://down.admin5.com/net/%E4%BC%81%E6%8D%B7%E5%BE%AE%E4%BF%A1%E5%8D%8F%E5%90%8C%E5%8A%9E%E5%85%AC%E7%B3%BB%E7%BB%9F.html
DIV15,微信相关,/c/weixin/,FALSE,微信相关,BingSNS微信分销商城,BingSNS微信分销商城集购物，社区，活动，积分会员卡于一体，通过手机端购物，分销，推广，迅速开展电商业务。,http://down.admin5.com/asp/123047.html
DIV15,微信相关,/c/weixin/,FALSE,微信相关,eims微信营销软件订餐,eims微信营销软件订餐一款简洁的手机微信订餐营销平台软件。,http://down.admin5.com/asp/108942.html
DIV15,微信相关,/c/weixin/,FALSE,微信相关,微笑微信,微笑微信是一款免费的开源微信公众号管理系统，让微信开发者最便捷的进行二次开发。,http://down.admin5.com/php/105250.html
DIV15,微信相关,/c/weixin/,FALSE,微信相关,微信公众平台微信营销软件,微信公众平台微信营销软件是一款基于PHP+MYSQL架构的企业级微信应用开发平台，系统高效易管理，具备独有的事务机制，二次应用开发简单高效。,http://down.admin5.com/php/112319.html
DIV15,微信相关,/c/weixin/,FALSE,微信相关,Viicms,Viicms是打造的一个专门针对微信公众账号提供营销推广服务的第三方平台，主要功能是针对微信商家公众号提供与众不同的、有针对性的营销推广服务。,http://down.admin5.com/php/105478.html
flip17,功能模块,/c/gongneng/,TRUE,搜索,发现世界搜索引擎,发现世界搜索引擎是一个搜索引擎后台管理系统，它包括了新闻系统管理，日常管理、商务管理、蜘蛛管理和账号管理等功能。,http://down.admin5.com/php/122606.html
flip17,功能模块,/c/gongneng/,TRUE,搜索,搜易站内搜索引擎,搜易站内搜索引擎是面向网站的站内搜索解决方案，本系统将搜索引擎技术应用于站内搜索，具备中文分词，智能摘要，关键词高亮等技术，前后端设计精美，操作体验佳。,http://down.admin5.com/net/103309.html
flip17,功能模块,/c/gongneng/,TRUE,投票,智睿网络投票评选管理系统,智睿网络投票评选管理系统定位于投票评选行业的量身开发，系统整合单选/多选一体化功能，并适合图文评选，可用于各种公司单位进行评选活动。,http://down.admin5.com/asp/27370.html
flip17,功能模块,/c/gongneng/,TRUE,投票,宁志投票评选网站管理系统,宁志投票评选网站管理系统一套专为活动投票专题建站首选的信息网站管理系统，风格宽频页面十分大方，平台稳定、高效、具有良好的维护性和灵活的可扩展性。,http://down.admin5.com/asp/99561.html
flip17,功能模块,/c/gongneng/,TRUE,投票,艺帆投票评选系统,艺帆投票管理系统是一款网上图片投票系统，可网上报名、审核、图片查看修改，评论等功能。,http://down.admin5.com/asp/131078.html
flip17,功能模块,/c/gongneng/,TRUE,问卷调查,LimeSurvey,"LimeSurvey是一款在线问卷管理系统,具有问卷的设计、修改、发布、回收和统计等多项功能，还集成了调查程序开发、调查问卷的发布以及数据收集等功能。",http://down.admin5.com/php/60923.html
flip17,功能模块,/c/gongneng/,TRUE,问卷调查,校无忧问卷调查系统,校无忧问卷调查系统是一个适用于政府、教育机构、学校、企事业单位在互联网上进行信息互动与反馈收集的网上调研平台，主要满足开展深入网络调研的需要。,http://down.admin5.com/asp/71973.html
flip17,功能模块,/c/gongneng/,TRUE,问卷调查,智睿政务问卷调查系统,"智睿政务问卷调查系统专注定位于政务机关行业的量身开发，功能强大，专注于政府机关的行业评测,政风行风问卷系统,开发建行,是一款行业领先的问卷系统。",http://down.admin5.com/asp/74929.html
flip17,功能模块,/c/gongneng/,TRUE,会员,鹰双会员通,鹰双会员通可以帮企业实现跨店、线上线下消费信息共享，还可以帮企业轻松搭建一套会员信息互联互通的企业网站和电子商城平台，是企业实现会员管理不可缺少的工具。 ,http://down.admin5.com/net/137823.html
flip17,功能模块,/c/gongneng/,TRUE,会员,双轨制会员管理网站,双轨制会员管理系统是一个以asp+access进行开发的双轨制直销系统源码，要求很低，容易维护。,http://down.admin5.com/asp/134358.html
flip17,功能模块,/c/gongneng/,TRUE,会员,易网会员管理系统,易网会员管理系统基于SAAS模式的会员管理系统，有网络就能随时随地管理会员，全新界面设计，简单易用，会用电脑就会使用，真正易用好用的会员管理系统。,http://down.admin5.com/asp/135597.html
flip18,后端框架,/c/houduan/,TRUE,php框架,ThinkPHP,ThinkPHP是一个免费开源的，快速、简单的面向对象的轻量级PHP开发框架，并不断在易用性、扩展性和性能方面优化和改进，确保可以稳定用于商业以及门户级的开发。,http://down.admin5.com/php/73011.html
flip18,后端框架,/c/houduan/,TRUE,php框架,Yii Framework,Yii是一个高性能的PHP5的web应用程序开发框架，为Web 2.0而生的，拥有翔实的中文文档。,http://down.admin5.com/php/72544.html
flip18,后端框架,/c/houduan/,TRUE,php框架,CodeIgniter,CodeIgniter 是一个小巧但功能强大的 PHP 框架，作为一个简单而“优雅”的工具包，它可以为 PHP 程序员建立功能完善的 Web 应用程序。,http://down.admin5.com/php/20540.html
flip18,后端框架,/c/houduan/,TRUE,php框架,Symfony,Symfony基于最佳Web开发实践，目的是加速Web应用的创建与维护，特点是可持续开发性强，文档丰富，高稳定性和安全性。,http://down.admin5.com/php/73091.html
flip18,后端框架,/c/houduan/,TRUE,php框架,Zend Framework,Zend Framework就是为企业级网站和应用而存在的，高安全性。如果你要开发企业、政府网站和应用，建议首先考虑Zend Framework。,http://down.admin5.com/php/76361.html
flip18,后端框架,/c/houduan/,TRUE,php框架,CakePHP,CakePHP可以说是PHP敏捷开发框架的先驱，采纳了RoR的许多优秀特性，成熟度较高。用他来开发娱乐网站、新闻站点是非常不错的选择。,http://down.admin5.com/php/94556.html
flip18,后端框架,/c/houduan/,TRUE,php框架,EaglePHP开源框架,EaglePHP开源框架是一款基于PHP5开发的开源、高效、面向对象的PHP MVC开发框架。 ,http://down.admin5.com/php/76556.html
flip18,后端框架,/c/houduan/,TRUE,php框架,DoitPHP,DoitPHP是一个基于BSD开源协议发布的轻量级PHP框架，运行高效，易学易用，易于扩展是其显著的特点。,http://down.admin5.com/php/74263.html
flip18,后端框架,/c/houduan/,TRUE,JAVA框架,Spring Framework,Spring Framework 是一个开源的Java应用程序框架，这个框架出彩的地方就在于它的“依赖注入”和“控制反转”。即在程序运行的时候才将参数注入到容器里。,http://down.admin5.com/qita/125769.html
flip18,后端框架,/c/houduan/,TRUE,JAVA框架,Struts,Struts是实现了基于Java EE Web应用的MVC设计模式的应用框架，是MVC经典设计模式中的一个经典产品，可以帮你快速搭建出一个MVC模型出来。,http://down.admin5.com/qita/135424.html
flip18,后端框架,/c/houduan/,TRUE,JAVA框架,Hibernate,Hibernate是一个开放源代码的对象关系映射框架，它对JDBC进行了非常轻量级的对象封装，可以在应用EJB的J2EE架构中取代CMP，完成数据持久化的重任。,http://down.admin5.com/qita/Hibernate%20Validator.html
flip18,后端框架,/c/houduan/,TRUE,JAVA框架,ZK,ZK Ajax开发框架是一套以 AJAX/XUL/Java 为基础的网页应用程式开发框架，用于丰富网页应用程式的使用接口。 ,http://down.admin5.com/jsp/37219.html
flip19,前端框架,/c/qianduan/,TRUE,js框架,jQuery,jquery是一个快速、简洁的JavaScript框架，具有独特的基本原理，可以简洁地表示常见的复杂代码。,http://down.admin5.com/qita/131546.html
flip19,前端框架,/c/qianduan/,TRUE,js框架,Dojo,Dojo是一个强大的面向对象JavaScript框架。主要由三大模块组成：Core、Dijit、DojoX。,http://down.admin5.com/qita/96209.html
flip19,前端框架,/c/qianduan/,TRUE,js框架,YUI,Yahoo! UI Library (YUI) 是一款能够更快速地开发互动性高且丰富的开放源代码的 JavaScript 函数库。,http://down.admin5.com/jsp/89914.html
flip19,前端框架,/c/qianduan/,TRUE,js框架,ExtJS,ExtJS是一个跨浏览器，用于开发RIA应用的JavaScript框架。提供高性，可定制的Web UI控件库和良好的设计、丰富的文档和可扩展的组件模型。 ,http://down.admin5.com/qita/72586.html
flip19,前端框架,/c/qianduan/,TRUE,js框架,MooTools,MooTools是一个简洁、模块化、面向对象的开源ja,http://down.admin5.com/jsp/73117.html
flip19,前端框架,/c/qianduan/,TRUE,js框架,EasyUI,EasyUI是一个基于jquery的集成了各种用户界面的插件，非常简单，但是功能非常强大，为网页开发提供了一堆的常用UI组件。,http://down.admin5.com/qita/76188.html
flip19,前端框架,/c/qianduan/,TRUE,CSS框架,Bootstrap,Bootstrap是简洁、直观、强悍的前端开发框架，让web开发更迅速、简单，用于开发响应式布局、移动设备优先的 WEB 项目。,http://down.admin5.com/qita/116763.html
flip19,前端框架,/c/qianduan/,TRUE,CSS框架,jQuery UI,jQuery UI是一款基于jQuery的开源Javascript框架，主要提供了用户交互、动画、特效和可更换主题的可视控件，使得开发者可以更方便地实现网页交互界面。,http://down.admin5.com/qita/101396.html
flip19,前端框架,/c/qianduan/,TRUE,CSS框架,Semantic UI,Semantic UI是完全语义化的前端界面开发框架。,http://down.admin5.com/qita/116783.html
