ID,类别,代号,商户名称,名称,logo,简介,联系人,电话,TG,whatsapp,邮箱,SKYPE,QQ,微信,详情,图片上传,链接,对接文档（下载）,地址,标签（later）,来源,操作人,录入日期
MI00001,支付,YSF,,银闪付,,凤凰旗下支付公司，主要提供代付业务,南姐,639281785888    ,639281785888    ,,,,,,提供稳定安全的第三方代付渠道，资金包赔30万，费率面谈,,,,,,,,
,包网,TXWL,,天下网络,,极速包网，AG官方合作伙伴,,66838715999,66838715999,,txkj8899@gmail.com,66838715999,751199999,,业精于专，功成于勤！ 天下网络（World Network），专业平台系统提供商、支付快充系统及API游戏供应商。 我司秉承诚信、专业、勤奋、责任的企业文化，坚持技术创新、稳健务实，300+技术开发工程师致力于产品的创新与提升，协助客户从品牌价值出发，立足网络，将产品定位于国际市场，同时接入全球众多知名品牌博娱产品，为客户提供高效、稳定的平台系统和游戏产品。 我们拥有最专业的技术团队为您保驾护航，让您在运营中体验到专业、稳定的天下管理系统及高效、贴心的售后服务。,,https://txwl.com/index.html,,,,博牛,Joshua,06/15/2019
,游戏,TXQP,,天下棋牌,,自主创新研发，纯原声APP，天下棋牌API,,66838715999,66838715999,,txkj8899@gmail.com,66838715999,751199999,,独特风格，与众不同。 天下网络全力打造最热门万人同时在线棋牌游戏产品，自主创新研发“天下棋牌” 纯原生APP以及天下棋牌API成功问世。 最具天下风格色彩的视觉效果，形象生动流畅画面，专业贴心的按键设计，全新棋牌游戏涵盖火热游戏榜单《极速抢庄牛牛》《百人大战》《德州扑克》《斗地主》《诈金花》《二八杠》《大型欢乐捕鱼》《街机电竞》等。,,https://txwl.com/index.html,,,,博牛,Joshua,06/17/2019
,包网,SC,,世彩,,业界第一家为平台定制全原生手机APP的系统商,Alvin,6582855294,,6582855294,Xiang9983@gw.world,Xiang9983@gw.world,5616708,,累积10年以上丰富开发经验的优质团队，提供最完善的全原生游戏给所有的营运商，跨平台、跨装置的优质游戏内容。,,https://gw.world/?a3,,,,Page,Joshua,06/17/2019
,支付,DS,,鼎盛卡行,,安全用卡，快速售后，质量保证,,,,,,,1927888888,,,,,,,,博牛,Joshua,06/17/2019
,包网,HTYL,,宏图娱乐,,顶尖包网，因智慧而不同,,,,639566225566    ,,hongtubet,,,与您共同创造最大价值是宏图娱乐不懈努力的目标，宏图娱乐开展的合作伙伴计划，是为满足不同客户的不同合作需求，有针对性的给予提供资源和支撑，如培训、认证、测试环境、营销和销售支撑、奖励等，确保您与我们一起实现价值。,,https://hongtu666.com/,,,,博牛,Joshua,06/17/2019
,包网,AP,,Advantage Play,,永久1%，亚太地区最全面包网,乔安,,,,sales@apgames.com,apasia.sales,960486,,Advantage Play以丰沛的研发里，专业的服务里，全面的策划力，为您开创新局，提升规模，整合策略，建立品牌，与我们合作将在商场上持续获利，高枕无忧,,http://ap1.apgames.com/,,,,博牛,Joshua,06/17/2019
,游戏,HLQP,,欢乐棋牌,,全网玩家粘合度最高的棋牌API,,639663399966    ,,639663399966    ,hlqp888@gmail.com,hlqp666,,,欢乐棋牌来自台湾，是一家专注于互动竞技和社交娱乐产品研发和创新的公司。欢乐棋牌以“让欢乐与众不同”为宗旨，不断创造快乐、刺激、新颖、公平的娱乐体验。所有的游戏产品都是自主研发，目前已上线数十款游戏。欢乐棋牌坚持“腾讯风格，极易上手”的产品路线，以精美的UI和人性化的交互深得用户喜爱，成为“全网玩家粘合度最高的棋牌API”，日活跃玩家10万以上。欢乐棋牌拥有丰富的互联网业务管理经验，借助业务运营支撑系统为商户平台和站点提供精细化、全方位的管理，实时监控游戏数据，快速提升站点盈利空间。欢乐棋牌采用BAT级的服务器集群。多地CDN服务节点，保障玩家访问实时、快捷、稳定、顺畅；多种分布和集群体系，保障高并发访问请求，游戏不卡顿；多机房、多服务均有灾备系统，最大限度地保障系统可用性；7×24在线技术支持，保障系统稳定运行。欢乐棋牌采取全方位的措施保障系统安全。强大的反作弊机制，维护游戏的公平性；前后端交互采用WSS、HTTPS，保障数据安全；使用多重加密方式，保证数据不被盗取和篡改；严格监控玩家金币变化，防止套现和刷币。未来，欢乐棋牌会研发更多的精美棋牌产品，为玩家奉上无时无刻的360°全景畅快的游戏体验；“集团实力，信誉至上”，欢乐棋牌致力于成为商户平台棋牌游戏的最佳选择。,,https://huanlegame.com/introduction.html,,,,博牛,Joshua,06/17/2019
,包网,DSG,,东森,,综合现金包网，一键上线，极速开展业务,Lee,639173238955    ,639173238955    ,,kjgro342019@gmail.com,6.39173E+11,,KJGRO342019,,,https://www.dongsengroup.net/,,,,博牛,Joshua,06/17/2019
,包网,XYQP,,轩辕棋牌,,全球首发原生综合性棋牌包网，三段互联,,639165657567    ,,639165657567    ,xuanyuan0333@gmail.com,XYGames,,,,,https://www.xy227.com/,,,,博牛,Joshua,06/17/2019
,游戏,LEG,,乐游棋牌,,全球顶级棋牌系统，数十款热门棋牌游戏,,639307499999    ,,,,LEGaming,,,乐游游戏是乐游集团旗下，专注于全球华人游戏市场的开发商和运营商。 乐游游戏以专注的精神和独特的创意设计能力，通过自主研发和精细化运营，打造了如德州扑克、斗地主、炸金花、抢庄牛牛等数十款经典的网络棋牌类游戏。 作为亚洲首家专业棋牌游戏供应商，我们致力于打造能为线上用户提供真实、刺激、公平的游戏平台。 我们拥有先进的自主研发体系，公司60%以上员工来自腾讯、JJ竞技世界、联众等知名棋牌游戏公司。 强大的技术研发实力，确保有效的提升商户收入、用户留存等关键数据。简单易操作的接入方式，平均只需1天即可对接完成上线。 未来，乐游游戏将会继续专注于棋牌类游戏的研发，加大市场渗透力度、进一步拓展全球业务、聚焦用户体验、持续提升商户所得收益。,,https://leg666.com/index.html,,,,博牛,Joshua,06/17/2019
,游戏,LCQP,,龙城棋牌,,最强棋牌，全方位品牌自定义，顶级UI任你选,,639208618888    ,,639208618888    ,lcgames888@gmail.com,LCgames,,,,,https://www.lc218.com/shouye.html,,,,博牛,Joshua,06/17/2019
,游戏,VR,,VR Gaming,,高画质专业彩票游戏，最多彩种，全面API,,,,,www791106@gmail.com,www791106,,,"VR Gaming是一家致力于提供方便的博弈游戏娱乐平台公司，藉由提供的平台让经营者可以快速且安全的提供给玩家各种娱乐的选择。 VR Gaming定位为平台系统与游戏提供商，采B2B商业模式，为客户提供游戏以及相关的系统平台，客户为营运商，不直接面对第一线玩家。 简单说，VR Gaming建立的是一个""提供商品牌"",而非第一线游戏网站的营运商品牌。 致力发展高画质专业彩票平台,提供多元化视频传输,凭借着高频率的开奖次数,中奖率高、玩法丰富、投注简易以及准确度高达99.9%的开奖流程,VR的目标是建立一个公平、公正、公开的权威性全方面彩票平台给市场大众。",,http://videoracing.com/default.aspx,,,,博牛,Joshua,06/17/2019
,包网,818,,818娱乐,,为您量身打造网投娱乐平台航空母舰,,,,,818bet@gmail.com,live:bet818,95768888,,,,http://www.818bet.com/,,,,博牛,Joshua,06/18/2019
,包网,DC,,大成娱乐,,百人团队十年技术，整套系统自主研发,,,,,dachengyule168@gmail.com,dachengyule168@gmail.com,2655604300,,,,http://www.vipdacheng.com/,,,,博牛,Joshua,06/18/2019
,包网,AY,,奥赢棋牌,,震撼来袭，全球最强棋牌原生APP,,639158850068    ,639158850068    ,,vg68881@gmail.com,vg68881,,,,,https://www.allin98.com/#/contact,,,,博牛,Joshua,06/18/2019
,游戏,YY,,优盈,,专业彩票直播第一平台,,,,,,,16666660,,,,https://www.uyingvip.com/#main_1f,,,,博牛,Joshua,06/18/2019
,其他,,,高薪诚聘,,电销，客服，代理，makati直招,,,,,,,1686666995,baiseng77,,,,,,,博牛,Joshua,06/18/2019
,其他,WB,,韦博,,诚邀代理加盟，高达55%佣金,,,,,,,1227788856,dingjiaxun123,,,https://w88mf.com/app,,,,博牛,Joshua,06/18/2019
,包网,QJ,,奇迹娱乐,,亚洲最大包网平台，极速建站，一日上线,蒋先生,639772796049    ,,639772796049    ,marketing@kzing.com,,,,,,https://www.kzing.com/index.html,,,,博牛,Joshua,06/18/2019
